Bitcoin,bitcoin,BTC,btc
Ethereum,ethereum,ETH,eth
Litecoin,litecoin,LTC,ltc
Ripple,ripple,XRP,xrp
The DAO,the dao,DAO,dao
Dash,dash,DASH,dash
Lisk,lisk,LSK,lsk
Dogecoin,dogecoin,DOGE,doge
MaidSafeCoin,maidsafecoin,MAID,maid
NEM,nem,XEM,xem
DigixDAO,digixdao,DGD,dgd
Steem,steem,STEEM,steem
Monero,monero,XMR,xmr
FedoraCoin,fedoracoin,TIPS,tips
BitShares,bitshares,BTS,bts
Siacoin,siacoin,SC,sc
Peercoin,peercoin,PPC,ppc
Factom,factom,FCT,fct
Stellar,stellar,XLM,xlm
Synereo,synereo,AMP,amp
Nxt,nxt,NXT,nxt
Bytecoin,bytecoin,BCN,bcn
YbCoin,ybcoin,YBC,ybc
Namecoin,namecoin,NMC,nmc
Storjcoin X,storjcoin x,SJCX,sjcx
Emercoin,emercoin,EMC,emc
Counterparty,counterparty,XCP,xcp
Rubycoin,rubycoin,RBY,rby
SolarCoin,solarcoin,SLR,slr
Xaurum,xaurum,XAU,xau
Agoras Tokens,agoras tokens,AGRS,agrs
SysCoin,syscoin,SYS,sys
Decred,decred,DCR,dcr
Tether,tether,USDT,usdt
Bitcrystals,bitcrystals,BCY,bcy
Voxels,voxels,VOX,vox
VPNCoin,vpncoin,VPN,vpn
GridCoin,gridcoin,GRC,grc
DigiByte,digibyte,DGB,dgb
BlackCoin,blackcoin,BLK,blk
GameCredits,gamecredits,GAME,game
MonaCoin,monacoin,MONA,mona
Auroracoin,auroracoin,AUR,aur
Vcash,vcash,XVC,xvc
BitcoinDark,bitcoindark,BTCD,btcd
Feathercoin,feathercoin,FTC,ftc
Scotcoin,scotcoin,SCOT,scot
Rimbit,rimbit,RBT,rbt
CrevaCoin,crevacoin,CREVA,creva
Mintcoin,mintcoin,MINT,mint
SuperNET,supernet,UNITY,unity
Clams,clams,CLAM,clam
ShadowCash,shadowcash,SDC,sdc
Ixcoin,ixcoin,IXC,ixc
EarthCoin,earthcoin,EAC,eac
I/O Coin,i/o coin,IOC,ioc
Primecoin,primecoin,XPM,xpm
VeriCoin,vericoin,VRC,vrc
Novacoin,novacoin,NVC,nvc
ReddCoin,reddcoin,RDD,rdd
FairCoin,faircoin,FAIR,fair
Quark,quark,QRK,qrk
Omni,omni,OMNI,omni
NuShares,nushares,NSR,nsr
FlavorCoin,flavorcoin,FLAV,flav
PLAY,play,PLS,pls
BoostCoin,boostcoin,BOST,bost
GoldCoin,goldcoin,GLD,gld
Elcoin,elcoin,EL,el
Vertcoin,vertcoin,VTC,vtc
NuBits,nubits,USNBT,usnbt
Infinitecoin,infinitecoin,IFC,ifc
StabilityShares,stabilityshares,XSI,xsi
Loyyal,loyyal,RBR,rbr
Gulden,gulden,NLG,nlg
Radium,radium,RADS,rads
WorldCoin,worldcoin,WDC,wdc
AmberCoin,ambercoin,AMBER,amber
DigitalNote,digitalnote,XDN,xdn
Obits,obits,OBITS,obits
Megacoin,megacoin,MEC,mec
MUSE,muse,MUSE,muse
BilShares,bilshares,BILS,bils
Startcoin,startcoin,START,start
Expanse,expanse,EXP,exp
Crypti,crypti,XCR,xcr
Qora,qora,QORA,qora
Wild Beast Block,wild beast block,WBB,wbb
ZcCoin,zccoin,ZCC,zcc
CureCoin,curecoin,CURE,cure
BitBay,bitbay,BAY,bay
Zetacoin,zetacoin,ZET,zet
UnionCoin,unioncoin,UNC,unc
Kobocoin,kobocoin,KOBO,kobo
Safe Exchange Coin,safe exchange coin,SEC,sec
Global Currency Reserve,global currency reserve,GCR,gcr
FuelCoin,fuelcoin,FC2,fc2
InstantDEX,instantdex,DEX,dex
Nexus,nexus,NIRO,niro
Digitalcoin,digitalcoin,DGC,dgc
Diamond,diamond,DMD,dmd
Unobtanium,unobtanium,UNO,uno
Applecoin,applecoin,APC,apc
Zeitcoin,zeitcoin,ZEIT,zeit
DNotes,dnotes,NOTE,note
Anoncoin,anoncoin,ANC,anc
DubaiCoin,dubaicoin,DBIC,dbic
Virtacoin,virtacoin,VTA,vta
Verge,verge,XVG,xvg
Spots,spots,SPOTS,spots
Swarm,swarm,SWARM,swarm
Coinomat,coinomat,CNMT,cnmt
CasinoCoin,casinocoin,CSC,csc
SIBCoin,sibcoin,SIB,sib
Burst,burst,BURST,burst
Blocknet,blocknet,BLOCK,block
NeuCoin,neucoin,NEU,neu
TrumpCoin,trumpcoin,TRUMP,trump
Riecoin,riecoin,RIC,ric
NeosCoin,neoscoin,NEOS,neos
NAV Coin,nav coin,NAV,nav
Diem,diem,DIEM,diem
BitSwift,bitswift,SWIFT,swift
SecureCoin,securecoin,SRC,src
TagCoin,tagcoin,TAG,tag
Mooncoin,mooncoin,MOON,moon
LIQUID,liquid,LQD,lqd
Tickets,tickets,TIX,tix
VootCoin,vootcoin,VOOT,voot
TileCoin,tilecoin,XTC,xtc
Capricoin,capricoin,CPC,cpc
SkyNET,skynet,SKYNET,skynet
GetGems,getgems,GEMZ,gemz
XCurrency,xcurrency,XC,xc
BitShares PTS,bitshares pts,PTS,pts
NautilusCoin,nautiluscoin,NAUT,naut
MaxCoin,maxcoin,MAX,max
Pebblecoin,pebblecoin,XPB,xpb
Pandacoin,pandacoin,PND,pnd
Jumbucks,jumbucks,JBS,jbs
Cryptonite,cryptonite,XCN,xcn
SmileyCoin,smileycoin,SMLY,smly
PotCoin,potcoin,POT,pot
FlorinCoin,florincoin,FLO,flo
Silkcoin,silkcoin,SILK,silk
HiCoin,hicoin,XHI,xhi
Creditbit,creditbit,CRBIT,crbit
SpreadCoin,spreadcoin,SPR,spr
Gambit,gambit,GAM,gam
jl777hodl,jl777hodl,JLH,jlh
Boolberry,boolberry,BBR,bbr
CannabisCoin,cannabiscoin,CANN,cann
Bytecent,bytecent,BYC,byc
Darknet,darknet,DNET,dnet
Viacoin,viacoin,VIA,via
PayCoin,paycoin,XPY,xpy
NoirShares,noirshares,NRS,nrs
Myriadcoin,myriadcoin,MYR,myr
Cryptofund,cryptofund,FUND,fund
Crypto Bullion,crypto bullion,CBX,cbx
Shift,shift,SHIFT,shift
NXTventure,nxtventure,NXTV,nxtv
Energycoin,energycoin,ENRG,enrg
2GIVE,2give,2GIVE,2give
AudioCoin,audiocoin,ADC,adc
ArtByte,artbyte,ABY,aby
Electronic Gulden,electronic gulden,EFL,efl
bitUSD,bitusd,BITUSD,bitusd
MojoCoin,mojocoin,MOJO,mojo
Orbitcoin,orbitcoin,ORB,orb
NetCoin,netcoin,NET,net
Stealthcoin,stealthcoin,XST,xst
OKCash,okcash,OK,ok
Hyper,hyper,HYPER,hyper
bitCNY,bitcny,BITCNY,bitcny
GroestlCoin,groestlcoin,GRS,grs
MediterraneanCoin,mediterraneancoin,MED,med
BTSR,btsr,BTSR,btsr
GameBet Coin,gamebet coin,GBT,gbt
Blitzcoin,blitzcoin,BLITZ,blitz
NobleCoin,noblecoin,NOBL,nobl
Xiaomicoin,xiaomicoin,MI,mi
Aeon,aeon,AEON,aeon
Horizon,horizon,HZ,hz
Bitmark,bitmark,BTM,btm
Coin2.1,coin2.1,C2,c2
Joincoin,joincoin,J,j
HyperStake,hyperstake,HYP,hyp
FlutterCoin,fluttercoin,FLT,flt
MazaCoin,mazacoin,MZC,mzc
HOdlcoin,hodlcoin,HODL,hodl
Deutsche eMark,deutsche emark,DEM,dem
LTBcoin,ltbcoin,LTBC,ltbc
HempCoin,hempcoin,HMP,hmp
Sprouts,sprouts,SPRTS,sprts
Piggycoin,piggycoin,PIGGY,piggy
Yocoin,yocoin,YOC,yoc
PinkCoin,pinkcoin,PINK,pink
GeoCoin,geocoin,GEO,geo
FoldingCoin,foldingcoin,FLDC,fldc
Sync,sync,SYNC,sync
Einsteinium,einsteinium,EMC2,emc2
Devcoin,devcoin,DVC,dvc
Sembro Token,sembro token,SMBR,smbr
Rubies,rubies,RBIES,rbies
TransferCoin,transfercoin,TX,tx
UFO Coin,ufo coin,UFO,ufo
Bitcredits,bitcredits,BCR,bcr
Qibuck,qibuck,QBK,qbk
RedCoin,redcoin,RED,red
Fibre,fibre,FIBRE,fibre
Yacoin,yacoin,YAC,yac
Krypton,krypton,KR,kr
HunterCoin,huntercoin,HUC,huc
BitBean,bitbean,BITB,bitb
ECCoin,eccoin,ECC,ecc
Woodcoin,woodcoin,LOG,log
Memorycoin,memorycoin,MMC,mmc
Aiden,aiden,ADN,adn
SixEleven,sixeleven,611,611
Influxcoin,influxcoin,INFX,infx
Checkcoin,checkcoin,CKC,ckc
Canada eCoin,canada ecoin,CDN,cdn
Magi,magi,XMG,xmg
Gapcoin,gapcoin,GAP,gap
Uro,uro,URO,uro
HoboNickels,hobonickels,HBN,hbn
Terracoin,terracoin,TRC,trc
BBQCoin,bbqcoin,BQC,bqc
TEKcoin,tekcoin,TEK,tek
Asiadigicoin,asiadigicoin,ADCN,adcn
Node,node,NODE,node
Francs,francs,FRN,frn
Bitcoin Plus,bitcoin plus,XBC,xbc
Adzcoin,adzcoin,ADZ,adz
BitSend,bitsend,BSD,bsd
ZiftrCOIN,ziftrcoin,ZRC,zrc
Sphere,sphere,SPHR,sphr
Fantomcoin,fantomcoin,FCN,fcn
Franko,franko,FRK,frk
DopeCoin,dopecoin,DOPE,dope
YACCoin,yaccoin,YACC,yacc
Aricoin,aricoin,ARI,ari
Truckcoin,truckcoin,TRK,trk
CryptCoin,cryptcoin,CRYPT,crypt
KoreCoin,korecoin,KORE,kore
bitBTC,bitbtc,BITBTC,bitbtc
Bata,bata,BTA,bta
Ratecoin,ratecoin,XRA,xra
Memetic,memetic,MEME,meme
BigUp,bigup,BIGUP,bigup
TeslaCoin,teslacoin,TES,tes
Dashcoin,dashcoin,DSH,dsh
Sterlingcoin,sterlingcoin,SLG,slg
QuazarCoin,quazarcoin,QCN,qcn
Titcoin,titcoin,TIT,tit
Powercoin,powercoin,PWR,pwr
Quatloo,quatloo,QTL,qtl
Cabbage,cabbage,CAB,cab
BiosCrypto,bioscrypto,BIOS,bios
Universal Currency,universal currency,UNIT,unit
CryptoEscudo,cryptoescudo,CESC,cesc
BitBar,bitbar,BTB,btb
DayTraderCoin,daytradercoin,DTC,dtc
Grantcoin,grantcoin,GRT,grt
GlobalBoost-Y,globalboost-y,BSTY,bsty
EvergreenCoin,evergreencoin,EGC,egc
Unitus,unitus,UIS,uis
MonetaVerde,monetaverde,MCN,mcn
1337,1337,1337,1337
SOILcoin,soilcoin,SOIL,soil
Blakecoin,blakecoin,BLC,blc
MultiWalletCoin,multiwalletcoin,MWC,mwc
OrangeCoin,orangecoin,OC,oc
BillaryCoin,billarycoin,BLRY,blry
WMCoin,wmcoin,WMC,wmc
ARCHcoin,archcoin,ARCH,arch
DigiCube,digicube,CUBE,cube
MindCoin,mindcoin,MND,mnd
BellaCoin,bellacoin,BELA,bela
GrowCoin,growcoin,GROW,grow
PrimeChain,primechain,PRIME,prime
bitSilver,bitsilver,BITSILVER,bitsilver
Phalanx,phalanx,PXL,pxl
Argentum,argentum,ARG,arg
RhinoCoin,rhinocoin,RHC,rhc
WARP,warp,WARP,warp
PostCoin,postcoin,POST,post
1CRedit,1credit,1CR,1cr
SaffronCoin,saffroncoin,SFR,sfr
Cypher,cypher,CYP,cyp
Bitz,bitz,BITZ,bitz
DeBuNe,debune,DEBUNE,debune
Cryptographic Anomaly,cryptographic anomaly,CGA,cga
Bloodcoin,bloodcoin,BOD,bod
Pulse,pulse,PULSE,pulse
GCoin,gcoin,GCN,gcn
AmsterdamCoin,amsterdamcoin,AMS,ams
BERNcash,berncash,BERN,bern
AntiBitcoin,antibitcoin,ANTI,anti
SongCoin,songcoin,SONG,song
Destiny,destiny,DES,des
VIP Tokens,vip tokens,VIP,vip
Prime-XI,prime-xi,PXI,pxi
Fastcoin,fastcoin,FST,fst
ZAIF,zaif,ZAIF,zaif
PayCon,paycon,CON,con
PosEx,posex,PEX,pex
GPU Coin,gpu coin,GPU,gpu
NevaCoin,nevacoin,NEVA,neva
IslaCoin,islacoin,ISL,isl
DigitalPrice,digitalprice,DP,dp
C-Bit,c-bit,XCT,xct
Acoin,acoin,ACOIN,acoin
GamerholicCoin,gamerholiccoin,GHC,ghc
Vibranium,vibranium,XVI,xvi
Dirac,dirac,XDQ,xdq
iCash,icash,ICASH,icash
LiteBar,litebar,LTB,ltb
KhanCoin,khancoin,KNC,knc
Eurocoin,eurocoin,EUC,euc
COIN,coin,COIN,coin
BitCrystal,bitcrystal,BTCRY,btcry
Bitcoin 21,bitcoin 21,XBTC21,xbtc21
Alexium,alexium,AUM,aum
LanaCoin,lanacoin,LANA,lana
Bantam,bantam,BNT,bnt
PonziCoin,ponzicoin,PONZI,ponzi
MMXVI,mmxvi,MMXVI,mmxvi
Number7,number7,N7,n7
Donationcoin,donationcoin,DON,don
MasterTraderCoin,mastertradercoin,MTR,mtr
TRMB,trmb,TRMB,trmb
BlackJack,blackjack,JACK,jack
BlockShares,blockshares,BKS,bks
KiloCoin,kilocoin,KLC,klc
AsiaCoin,asiacoin,AC,ac
CloakCoin,cloakcoin,CLOAK,cloak
Jinn,jinn,JINN,jinn
XxXcoin,xxxcoin,XXX,xxx
I0Coin,i0coin,I0C,i0c
MMNXT,mmnxt,MMNXT,mmnxt
Librexcoin,librexcoin,LXC,lxc
FIMKrypto,fimkrypto,FIMK,fimk
UltraCoin,ultracoin,UTC,utc
microCoin,microcoin,MRC,mrc
Stress,stress,STS,sts
CzechCrownCoin,czechcrowncoin,CZC,czc
Colossuscoin V2,colossuscoin v2,CV2,cv2
WhiteCoin,whitecoin,XWC,xwc
CoinoIndex,coinoindex,INDEX,index
TrustPlus,trustplus,TRUST,trust
SaluS,salus,SLS,sls
EuropeCoin,europecoin,ERC,erc
Freicoin,freicoin,FRC,frc
Greencoin,greencoin,GRE,gre
Carboncoin,carboncoin,CARB,carb
LeafCoin,leafcoin,LEAF,leaf
Pangea Poker,pangea poker,PANGEA,pangea
Flycoin,flycoin,FLY,fly
Execoin,execoin,EXE,exe
Pakcoin,pakcoin,PAK,pak
Heisenberg,heisenberg,HEX,hex
DarkCoin,darkcoin,DARK,dark
MaryJane,maryjane,MARYJ,maryj
NXTprivacy,nxtprivacy,NXTprivacy,nxtprivacy
Bitstar,bitstar,BITS,bits
CommunityCoin,communitycoin,COMM,comm
Extremecoin,extremecoin,EXC,exc
Woodshares,woodshares,WS,ws
Buongiorno Caffe,buongiorno caffe,BGCAFFE,bgcaffe
FreshCoin,freshcoin,FRSH,frsh
BlueCoin,bluecoin,BLU,blu
Sexcoin,sexcoin,SXC,sxc
Luckycoin,luckycoin,LKY,lky
Synergy,synergy,SNRG,snrg
Nxttycoin,nxttycoin,NXTTY,nxtty
Techcoin,techcoin,TECH,tech
LottoCoin,lottocoin,LOT,lot
Cannacoin,cannacoin,CCN,ccn
Datacoin,datacoin,DTC,dtc
SecretCoin,secretcoin,SCRT,scrt
Dogeparty,dogeparty,XDP,xdp
The Viral Exchange,the viral exchange,TVE,tve
FreeMarket,freemarket,MRKT,mrkt
Sonic,sonic,SSD,ssd
Particle,particle,PRT,prt
IncaKoin,incakoin,NKA,nka
MetalCoin,metalcoin,METAL,metal
ParkByte,parkbyte,PKB,pkb
Helleniccoin,helleniccoin,HNC,hnc
GAIA,gaia,GAIA,gaia
Animecoin,animecoin,ANI,ani
Privatebet,privatebet,Privatebet,privatebet
HempCoin,hempcoin,THC,thc
Dimecoin,dimecoin,DIME,dime
Steps,steps,STEPS,steps
MMBTCD,mmbtcd,MMBTCD,mmbtcd
Trollcoin,trollcoin,TROLL,troll
ClearingHouse,clearinghouse,XCH,xch
BitcoinTX,bitcointx,BTX,btx
GlobalCoin,globalcoin,GLC,glc
LiteDoge,litedoge,LDOGE,ldoge
MGW,mgw,MGW,mgw
Halcyon,halcyon,HAL,hal
DarkCash,darkcash,DRKC,drkc
Pesetacoin,pesetacoin,PTC,ptc
SproutsExtreme,sproutsextreme,SPEX,spex
PLNcoin,plncoin,PLNC,plnc
Triangles,triangles,TRI,tri
Viral,viral,VIRAL,viral
ExclusiveCoin,exclusivecoin,EXCL,excl
TittieCoin,tittiecoin,TTC,ttc
GenesysCoin,genesyscoin,GSY,gsy
020LondonCoin,020londoncoin,020,020
KlondikeCoin,klondikecoin,KDC,kdc
RussiaCoin,russiacoin,RC,rc
SuperCoin,supercoin,SUPER,super
Marscoin,marscoin,MRS,mrs
Nyancoin,nyancoin,NYAN,nyan
Quotient,quotient,XQN,xqn
SHACoin,shacoin,SHA,sha
HTMLCOIN,htmlcoin,HTML5,html5
SmartCoin,smartcoin,SMC,smc
Kittehcoin,kittehcoin,MEOW,meow
OctoCoin,octocoin,888,888
Bottlecaps,bottlecaps,CAP,cap
Sativacoin,sativacoin,STV,stv
ChipCoin,chipcoin,CHIP,chip
NXTInspect,nxtinspect,NXTI,nxti
MonetaryUnit,monetaryunit,MUE,mue
SwagBucks,swagbucks,BUCKS,bucks
SatoshiMadness,satoshimadness,MAD,mad
Moin,moin,MOIN,moin
Viorcoin,viorcoin,VIOR,vior
CorgiCoin,corgicoin,CORG,corg
UnbreakableCoin,unbreakablecoin,UNB,unb
GoldPieces,goldpieces,GP,gp
GoldReserve,goldreserve,XGR,xgr
Neocoin,neocoin,NEC,nec
Philosopher Stones,philosopher stones,PHS,phs
8Bit,8bit,8BIT,8bit
bitGold,bitgold,BITGOLD,bitgold
Sapience AIFX,sapience aifx,XAI,xai
CageCoin,cagecoin,CAGE,cage
Ringo,ringo,RIN,rin
ApexCoin,apexcoin,APEX,apex
Dobbscoin,dobbscoin,BOB,bob
CryptoCircuits,cryptocircuits,CIRC,circ
Sling,sling,SLING,sling
Phoenixcoin,phoenixcoin,PXC,pxc
AeroMe,aerome,AM,am
TrapCoin,trapcoin,TRAP,trap
Neutron,neutron,NTRN,ntrn
Cryptokenz,cryptokenz,CYT,cyt
Bitcoin Scrypt,bitcoin scrypt,BTCS,btcs
X-Coin,x-coin,XCO,xco
Granite,granite,GRN,grn
BunnyCoin,bunnycoin,BUN,bun
BritCoin,britcoin,BRIT,brit
CoExistCoin,coexistcoin,COXST,coxst
MangoCoinz,mangocoinz,MCZ,mcz
FujiCoin,fujicoin,FJC,fjc
NewYorkCoin,newyorkcoin,NYC,nyc
BDSM-FETISH,bdsm-fetish,WHIPPED,whipped
MapCoin,mapcoin,MAPC,mapc
Bitzeny,bitzeny,ZNY,zny
Swing,swing,SWING,swing
Spots,spots,SPT,spt
HamRadioCoin,hamradiocoin,HAM,ham
PetroDollar,petrodollar,XPD,xpd
Guncoin,guncoin,GUN,gun
RootCoin,rootcoin,ROOT,root
UCoin,ucoin,U,u
DarkTron,darktron,DRKT,drkt
Orlycoin,orlycoin,ORLY,orly
Jay,jay,JAY,jay
Dreamcoin,dreamcoin,DRM,drm
ARbit,arbit,ARB,arb
NobleNXT,noblenxt,NOXT,noxt
RonPaulCoin,ronpaulcoin,RPC,rpc
Genstake,genstake,G3N,g3n
Graffiti,graffiti,GRF,grf
Moneta,moneta,MNTA,mnta
RosCoin,roscoin,ROS,ros
CrownCoin,crowncoin,CRW,crw
ELcoin,elcoin,ELCO,elco
Emerald Crypto,emerald crypto,EMD,emd
Palcoin,palcoin,PAL,pal
UniCoin,unicoin,UNIC,unic
007Coin,007coin,007,007
Positron,positron,TRON,tron
CyberCoin,cybercoin,CC,cc
Guarany,guarany,GUA,gua
Bolivarcoin,bolivarcoin,BOLI,boli
CAPTcoin,captcoin,CAPT,capt
SoonCoin,sooncoin,SOON,soon
AnarchistsPrime,anarchistsprime,ACP,acp
Vcoin,vcoin,VCN,vcn
PopularCoin,popularcoin,POP,pop
ParallelCoin,parallelcoin,DUO,duo
Droidz,droidz,DRZ,drz
Metal Music Coin,metal music coin,MTLMC3,mtlmc3
42 Coin,42 coin,42,42
Cashcoin,cashcoin,CASH,cash
Lyrabar,lyrabar,LYB,lyb
ChainCoin,chaincoin,CHC,chc
ReturnCoin,returncoin,RNC,rnc
Axiom,axiom,AXIOM,axiom
Tigercoin,tigercoin,TGC,tgc
Kumacoin,kumacoin,KUMA,kuma
GuccioneCoin,guccionecoin,GCC,gcc
BitQuark,bitquark,BTQ,btq
PlatinumBAR,platinumbar,XPTX,xptx
TopCoin,topcoin,TOP,top
Zurcoin,zurcoin,ZUR,zur
LeaCoin,leacoin,LEA,lea
PROCOM coin,procom coin,PCM,pcm
MazeCoin,mazecoin,MAZE,maze
BowsCoin,bowscoin,BSC,bsc
Joulecoin,joulecoin,XJO,xjo
TAGRcoin,tagrcoin,TAGR,tagr
Evil Coin,evil coin,EVIL,evil
Coinaid,coinaid,CAID,caid
CryptoSpots,cryptospots,CS,cs
Evotion,evotion,EVO,evo
bitEUR,biteur,BITEUR,biteur
ZombieCoin,zombiecoin,ZMC,zmc
OsmiumCoin,osmiumcoin,OS76,os76
BitcoinUltra,bitcoinultra,BTCU,btcu
Revenu,revenu,REV,rev
BREAKcoin,breakcoin,BRE,bre
Litecred,litecred,LTCR,ltcr
Unfed,unfed,UNF,unf
IvugeoCoin,ivugeocoin,IEC,iec
Cygnus,cygnus,CYG,cyg
Independent Money System,independent money system,IMS,ims
Ozziecoin,ozziecoin,OZC,ozc
Prototanium,prototanium,PR,pr
FuzzBalls,fuzzballs,FUZZ,fuzz
Crypto,crypto,CTO,cto
Dibbits,dibbits,DIBS,dibs
Subcriptio,subcriptio,SUB,sub
Footy Cash,footy cash,FOOT,foot
ImperialCoin,imperialcoin,IPC,ipc
Cerium,cerium,XCE,xce
Antilitecoin,antilitecoin,ALTC,altc
Unrealcoin,unrealcoin,URC,urc
WeAreSatoshi,wearesatoshi,WSX,wsx
SydPak,sydpak,SDP,sdp
TenneT,tennet,TENNET,tennet
BatCoin,batcoin,BAT,bat
Selfiecoin,selfiecoin,SLFI,slfi
FreedomCoin,freedomcoin,FRDC,frdc
HeelCoin,heelcoin,HEEL,heel
SpaceCoin,spacecoin,SPACE,space
TurboStake,turbostake,TRBO,trbo
Money,money,$$$,$$$
CleverCoin,clevercoin,CLV,clv
FistBump,fistbump,FIST,fist
P7Coin,p7coin,P7C,p7c
LimitedCoin,limitedcoin,LTD,ltd
HazMatCoin,hazmatcoin,HZT,hzt
Fantom,fantom,FNX,fnx
Floz,floz,FLOZ,floz
StrongHands,stronghands,SHND,shnd
CryptBit,cryptbit,CBIT,cbit
Machinecoin,machinecoin,MAC,mac
Zoom,zoom,ZOOM,zoom
Save and Gain,save and gain,SANDG,sandg
LegendaryCoin,legendarycoin,LGD,lgd
CRTCoin,crtcoin,CRT,crt
Enigma,enigma,XNG,xng
Hundredcoin,hundredcoin,HUN,hun
Digital Credits,digital credits,DGCS,dgcs
Californium,californium,CF,cf
23 Skidoo,23 skidoo,CHAO,chao
XDECoin,xdecoin,XDE,xde
DuckDuckCoin,duckduckcoin,DUCK,duck
HoriemonCard,horiemoncard,HOR,hor
Forevercoin,forevercoin,XFC,xfc
NxttyACCI,nxttyacci,ACCI,acci
EDRCoin,edrcoin,EDRC,edrc
CryptoByte,cryptobyte,CB,cb
Waves,waves,WAVES,waves
CoinoUSD,coinousd,XUSD,xusd
ICO OpenLedger,ico openledger,ICOO,icoo
Alphabet Coin Fund,alphabet coin fund,FUN,fun
NPCcoin,npccoin,NPC,npc
LEOcoin,leocoin,LEO,leo
Asset Backed Coin,asset backed coin,ABC,abc
ClubCoin,clubcoin,CLUB,club
GBCGoldCoin,gbcgoldcoin,GBC,gbc
MarteXcoin,martexcoin,MXT,mxt
MaYaCoin,mayacoin,MYC,myc
AlpaCoin,alpacoin,APC,apc
Firecoin,firecoin,FIRE,fire
SARCoin,sarcoin,SAR,sar
BnB Coin,bnb coin,BNB,bnb
Resumeo Shares,resumeo shares,RMS,rms
Nocturna,nocturna,NOC,noc
UNCoin,uncoin,UNC,unc
BlitzMM,blitzmm,BLITZMM,blitzmm
TaoPay,taopay,TAO,tao
TeslaCoilCoin,teslacoilcoin,TESLA,tesla
Faucetcoin,faucetcoin,DROP,drop
TBCoin,tbcoin,TBC,tbc
Sharkcoin,sharkcoin,SAK,sak
KolschCoin,kolschcoin,CGN,cgn
Timekoin,timekoin,TK,tk
Project Decorum,project decorum,PDC,pdc
MillenniumCoin,millenniumcoin,MIL,mil
InvisibleCoin,invisiblecoin,IVZ,ivz
Eclipse,eclipse,EC,ec
BitAlphaCoin,bitalphacoin,BAC,bac
EGGS,eggs,EGGS,eggs
SpikesPrivateCoin,spikesprivatecoin,SPC,spc
ShellPay,shellpay,SHELL,shell
FutCoin,futcoin,FUTC,futc
ROXcoin,roxcoin,ROX,rox
RichCoin,richcoin,RICHX,richx
vTorrent,vtorrent,VTR,vtr
AIB,aib,AIB,aib
Newbium,newbium,NEWB,newb
Clinton,clinton,CLINT,clint
Kcoin,kcoin,KC,kc
BitSeeds,bitseeds,XSEED,xseed
EneCoin,enecoin,ENE,ene
GoldMaxCoin,goldmaxcoin,GMX,gmx
Bitcedi,bitcedi,BXC,bxc
Xaucoin,xaucoin,XAU,xau
Vector,vector,VEC,vec
ProfitCoin,profitcoin,PFC,pfc
CHNCoin,chncoin,CNC,cnc
Stakerush,stakerush,STHR,sthr
MegaStake,megastake,XMS,xms
Cthulhu Offerings,cthulhu offerings,OFF,off
SafeCoin,safecoin,SFE,sfe
FriendshipCoin 2,friendshipcoin 2,FSC2,fsc2
Local Family Owned,local family owned,LFO,lfo
OCOW,ocow,OCOW,ocow
SkullBuzz,skullbuzz,SKB,skb
TrickyCoin,trickycoin,TRICK,trick
HitCoin,hitcoin,HTC,htc
Omega,omega,OMA,oma
NXE,nxe,NXE,nxe
IrishCoin,irishcoin,IRL,irl
Incrementum,incrementum,INC,inc
UPcoin,upcoin,XUP,xup
Dotcoin,dotcoin,DOT,dot
Psilocybin,psilocybin,PSY,psy
Graviton,graviton,GRAV,grav
BumbaCoin,bumbacoin,BUMBA,bumba
Dubstep,dubstep,DUB,dub
c0fferC0in,c0fferc0in,C0C0,c0c0
Bithire,bithire,HIRE,hire
GSMcoin,gsmcoin,GSM,gsm
Quebecoin,quebecoin,QBC,qbc
DigiEuro,digieuro,DEUR,deur
PrismChain,prismchain,PRM,prm
GridPay,gridpay,GRID,grid
Grexit,grexit,GREXIT,grexit
RubleBit,rublebit,RUBIT,rubit
Pentacoin,pentacoin,PTA,pta
Motocoin,motocoin,MOTO,moto
Diggits,diggits,DIGS,digs
BitcoinFast,bitcoinfast,BCF,bcf
DarkEther,darkether,DETH,deth
Braincoin,braincoin,BRAIN,brain
Murraycoin,murraycoin,MRY,mry
Opescoin,opescoin,OPES,opes
iBits,ibits,IBITS,ibits
LiteStarCoin,litestarcoin,LTS,lts
Operand,operand,OP,op
TheCreed,thecreed,TCR,tcr
Flaxscript,flaxscript,FLAX,flax
Supreme,supreme,SPM,spm
AsicCoin,asiccoin,ASC,asc
AvatarCoin,avatarcoin,AV,av
Skeincoin,skeincoin,SKC,skc
DarkLisk,darklisk,DISK,disk
WorldPay,worldpay,WOP,wop
PayPeer,paypeer,PAYP,payp
CandleCoin,candlecoin,CD,cd
X2,x2,X2,x2
2BACCO,2bacco,2BACCO,2bacco
PurePOS,purepos,PURE,pure
DarkCypher,darkcypher,DCYP,dcyp
Moneta,moneta,MONETA,moneta
Trinity,trinity,TTY,tty
Cashme,cashme,CME,cme
SuperTurboStake,superturbostake,STRB,strb
SoulCoin,soulcoin,SOUL,soul
FireFlyCoin,fireflycoin,FFC,ffc
CIONZ,cionz,CIONZ,cionz
Biebercoin,biebercoin,BRC,brc
Espers,espers,ESP,esp
The Cypherfunks,the cypherfunks,FUNK,funk
Valorbit,valorbit,VAL,val
Paccoin,paccoin,PAC,pac
